time_utc,open,high,low,close,volume
2025-11-30 23:00:00,25484.0,25542.25,25468.0,25508.5,1490.0
2025-11-30 23:00:05,25525.0,25529.0,25501.25,25509.0,247.0
2025-11-30 23:00:10,25509.0,25518.5,25504.75,25509.75,269.0
2025-11-30 23:00:15,25508.75,25519.25,25506.5,25516.5,160.0
2025-11-30 23:00:20,25513.0,25527.25,25513.0,25527.25,177.0
2025-11-30 23:00:25,25525.75,25526.75,25521.0,25522.25,133.0
2025-11-30 23:00:30,25522.25,25523.0,25510.0,25513.0,175.0
2025-11-30 23:00:35,25511.75,25513.75,25508.5,25510.25,65.0
2025-11-30 23:00:40,25510.25,25512.25,25508.0,25511.25,95.0
2025-11-30 23:00:45,25511.5,25511.75,25509.0,25510.5,39.0
2025-11-30 23:00:50,25509.0,25515.0,25509.0,25513.0,83.0
2025-11-30 23:00:55,25511.5,25516.25,25511.0,25516.0,55.0
2025-11-30 23:01:00,25514.75,25517.5,25512.25,25513.0,175.0
2025-11-30 23:01:05,25512.75,25515.5,25505.25,25505.5,187.0
2025-11-30 23:01:10,25505.75,25508.25,25502.0,25508.25,172.0
2025-11-30 23:01:15,25506.5,25510.25,25503.25,25507.0,155.0
2025-11-30 23:01:20,25505.5,25507.75,25500.25,25500.25,141.0
2025-11-30 23:01:25,25500.0,25503.5,25499.25,25500.75,148.0
2025-11-30 23:01:30,25502.0,25503.75,25499.75,25503.25,101.0
2025-11-30 23:01:35,25502.0,25506.0,25502.0,25504.5,72.0
2025-11-30 23:01:40,25505.25,25505.25,25499.75,25500.25,96.0
2025-11-30 23:01:45,25500.0,25501.0,25495.25,25498.0,196.0
2025-11-30 23:01:50,25496.5,25499.0,25496.25,25498.0,54.0
2025-11-30 23:01:55,25497.5,25499.25,25494.0,25497.25,126.0
2025-11-30 23:02:00,25497.5,25498.0,25494.0,25494.5,135.0
2025-11-30 23:02:05,25495.25,25496.0,25492.0,25493.5,114.0
2025-11-30 23:02:10,25494.25,25510.0,25494.25,25508.25,291.0
2025-11-30 23:02:15,25509.5,25509.5,25503.5,25504.0,128.0
2025-11-30 23:02:20,25503.75,25504.75,25502.5,25504.0,233.0
2025-11-30 23:02:25,25503.5,25506.75,25502.5,25504.25,138.0
2025-11-30 23:02:30,25503.75,25505.0,25495.75,25495.75,402.0
2025-11-30 23:02:35,25496.0,25500.0,25495.0,25498.5,88.0
2025-11-30 23:02:40,25497.5,25498.75,25497.5,25498.25,35.0
2025-11-30 23:02:45,25498.5,25499.5,25487.75,25490.5,229.0
2025-11-30 23:02:50,25490.75,25494.75,25490.0,25491.5,151.0
2025-11-30 23:02:55,25491.5,25496.25,25489.0,25493.0,147.0
2025-11-30 23:03:00,25493.25,25494.25,25484.5,25491.0,264.0
2025-11-30 23:03:05,25489.5,25490.75,25477.25,25485.0,353.0
2025-11-30 23:03:10,25484.0,25487.5,25482.75,25485.75,48.0
2025-11-30 23:03:15,25487.5,25488.0,25475.0,25477.0,168.0
2025-11-30 23:03:20,25477.0,25483.75,25476.25,25479.75,143.0
2025-11-30 23:03:25,25479.0,25480.5,25473.25,25476.0,206.0
2025-11-30 23:03:30,25475.25,25475.5,25470.75,25473.75,126.0
2025-11-30 23:03:35,25473.0,25477.75,25472.75,25477.5,66.0
2025-11-30 23:03:40,25476.5,25478.5,25475.25,25475.5,93.0
2025-11-30 23:03:45,25475.25,25478.25,25473.25,25474.5,80.0
2025-11-30 23:03:50,25474.5,25475.75,25471.75,25474.25,83.0
2025-11-30 23:03:55,25474.5,25478.5,25474.0,25476.75,73.0
2025-11-30 23:04:00,25477.25,25478.0,25473.25,25474.5,175.0
2025-11-30 23:04:05,25474.5,25474.75,25470.75,25471.0,163.0
2025-11-30 23:04:10,25471.0,25473.75,25470.25,25473.5,60.0
2025-11-30 23:04:15,25473.0,25479.5,25472.25,25478.75,125.0
2025-11-30 23:04:20,25478.75,25483.75,25478.75,25482.75,81.0
2025-11-30 23:04:25,25483.75,25492.25,25482.25,25490.0,140.0
2025-11-30 23:04:30,25489.75,25494.75,25489.5,25491.5,127.0
2025-11-30 23:04:35,25491.25,25491.5,25483.0,25487.0,100.0
2025-11-30 23:04:40,25487.0,25487.0,25483.0,25485.0,49.0
2025-11-30 23:04:45,25485.0,25486.25,25480.0,25480.0,76.0
2025-11-30 23:04:50,25480.0,25481.5,25474.75,25474.75,98.0
2025-11-30 23:04:55,25475.0,25476.25,25474.5,25474.75,41.0
2025-11-30 23:05:00,25475.0,25475.5,25469.0,25469.25,174.0
2025-11-30 23:05:05,25470.25,25472.0,25469.0,25471.0,130.0
2025-11-30 23:05:10,25471.0,25483.25,25470.5,25480.25,232.0
2025-11-30 23:05:15,25480.25,25480.75,25478.5,25478.75,56.0
2025-11-30 23:05:20,25478.75,25481.75,25478.5,25479.75,32.0
2025-11-30 23:05:25,25479.75,25482.25,25478.0,25481.75,35.0
2025-11-30 23:05:30,25482.25,25482.25,25479.5,25482.0,23.0
2025-11-30 23:05:35,25481.5,25481.5,25478.75,25479.25,69.0
2025-11-30 23:05:40,25479.0,25479.75,25475.5,25477.75,50.0
2025-11-30 23:05:45,25477.25,25478.75,25475.0,25476.5,34.0
2025-11-30 23:05:50,25475.25,25479.25,25475.25,25478.75,55.0
2025-11-30 23:05:55,25479.0,25482.5,25477.5,25480.0,63.0
2025-11-30 23:06:00,25480.0,25482.75,25478.75,25480.0,66.0
2025-11-30 23:06:05,25478.75,25480.5,25477.0,25479.5,38.0
2025-11-30 23:06:10,25479.5,25481.25,25479.5,25480.0,23.0
2025-11-30 23:06:15,25480.0,25483.75,25479.75,25483.75,40.0
2025-11-30 23:06:20,25483.5,25486.25,25483.0,25483.5,94.0
2025-11-30 23:06:25,25483.0,25487.0,25483.0,25484.5,45.0
2025-11-30 23:06:30,25483.75,25486.75,25483.75,25486.75,55.0
2025-11-30 23:06:35,25487.0,25487.0,25483.75,25485.75,55.0
2025-11-30 23:06:40,25485.5,25485.75,25484.75,25484.75,15.0
2025-11-30 23:06:45,25485.75,25486.25,25482.5,25483.25,61.0
2025-11-30 23:06:50,25483.0,25484.0,25482.25,25484.0,22.0
2025-11-30 23:06:55,25483.0,25490.5,25483.0,25487.5,129.0
2025-11-30 23:07:00,25488.5,25488.5,25485.0,25486.0,44.0
2025-11-30 23:07:05,25487.0,25489.25,25486.25,25488.25,74.0
2025-11-30 23:07:10,25487.5,25490.5,25487.5,25490.0,49.0
2025-11-30 23:07:15,25489.5,25490.0,25487.0,25488.0,41.0
2025-11-30 23:07:20,25487.5,25488.25,25485.5,25487.5,38.0
2025-11-30 23:07:25,25487.5,25489.25,25487.25,25488.25,32.0
2025-11-30 23:07:30,25489.25,25497.25,25489.25,25495.5,308.0
2025-11-30 23:07:35,25496.5,25496.5,25493.75,25494.25,93.0
2025-11-30 23:07:40,25495.0,25495.25,25492.75,25493.25,71.0
2025-11-30 23:07:45,25493.0,25494.25,25490.0,25491.25,71.0
2025-11-30 23:07:50,25491.0,25493.0,25490.75,25491.75,35.0
2025-11-30 23:07:55,25491.5,25493.0,25490.75,25491.5,88.0
2025-11-30 23:08:00,25491.0,25493.0,25489.75,25491.0,96.0
2025-11-30 23:08:05,25492.0,25495.25,25491.0,25495.25,136.0
2025-11-30 23:08:10,25494.75,25497.5,25493.5,25495.75,91.0
2025-11-30 23:08:15,25496.5,25498.0,25495.5,25496.5,52.0
2025-11-30 23:08:20,25497.0,25499.75,25494.75,25498.25,135.0
2025-11-30 23:08:25,25498.0,25499.5,25495.5,25497.25,119.0
2025-11-30 23:08:30,25497.25,25497.25,25493.75,25494.75,85.0
2025-11-30 23:08:35,25494.75,25496.25,25493.5,25494.5,49.0
2025-11-30 23:08:40,25495.25,25495.5,25494.25,25494.25,19.0
2025-11-30 23:08:45,25495.0,25498.5,25494.75,25498.0,203.0
2025-11-30 23:08:50,25498.5,25499.25,25496.5,25499.25,59.0
2025-11-30 23:08:55,25498.75,25499.0,25497.0,25497.5,31.0
2025-11-30 23:09:00,25498.0,25498.5,25495.75,25497.5,52.0
2025-11-30 23:09:05,25497.25,25497.75,25495.5,25496.0,63.0
2025-11-30 23:09:10,25496.0,25497.5,25493.75,25496.5,79.0
2025-11-30 23:09:15,25497.5,25498.0,25495.0,25496.25,24.0
2025-11-30 23:09:20,25495.25,25498.0,25495.25,25497.75,35.0
2025-11-30 23:09:25,25497.75,25498.5,25496.5,25498.0,52.0
2025-11-30 23:09:30,25498.25,25499.25,25497.25,25499.25,39.0
2025-11-30 23:09:35,25498.75,25499.75,25498.25,25499.0,58.0
2025-11-30 23:09:40,25499.25,25500.0,25498.25,25498.25,26.0
2025-11-30 23:09:45,25499.0,25499.5,25497.5,25498.25,43.0
2025-11-30 23:09:50,25498.25,25498.5,25496.75,25497.0,19.0
2025-11-30 23:09:55,25497.0,25498.25,25495.5,25498.25,82.0
2025-11-30 23:10:00,25499.0,25499.0,25495.5,25495.5,57.0
2025-11-30 23:10:05,25495.25,25497.0,25493.25,25495.75,88.0
2025-11-30 23:10:10,25495.5,25496.75,25495.0,25496.5,24.0
2025-11-30 23:10:15,25495.25,25495.25,25494.0,25495.0,25.0
2025-11-30 23:10:20,25494.75,25495.25,25493.25,25493.25,31.0
2025-11-30 23:10:25,25493.25,25493.75,25492.0,25492.5,40.0
2025-11-30 23:10:30,25492.5,25494.0,25492.0,25492.75,33.0
2025-11-30 23:10:35,25492.0,25493.25,25492.0,25492.25,22.0
2025-11-30 23:10:40,25493.0,25493.75,25491.0,25493.75,69.0
2025-11-30 23:10:45,25493.25,25494.75,25493.25,25494.5,20.0
2025-11-30 23:10:50,25494.75,25495.75,25494.0,25494.0,33.0
2025-11-30 23:10:55,25495.0,25496.0,25494.75,25495.0,20.0
2025-11-30 23:11:00,25495.25,25495.25,25491.75,25492.25,54.0
2025-11-30 23:11:05,25491.5,25494.5,25491.0,25494.5,48.0
2025-11-30 23:11:10,25493.75,25495.0,25493.0,25495.0,32.0
2025-11-30 23:11:15,25495.5,25495.5,25493.5,25493.5,17.0
2025-11-30 23:11:20,25493.5,25494.0,25492.75,25493.25,16.0
2025-11-30 23:11:25,25493.5,25493.5,25492.75,25493.25,9.0
2025-11-30 23:11:30,25492.5,25492.75,25490.5,25492.0,41.0
2025-11-30 23:11:35,25492.0,25492.0,25491.0,25491.75,16.0
2025-11-30 23:11:40,25491.0,25491.75,25490.5,25490.5,13.0
2025-11-30 23:11:45,25490.75,25492.75,25490.5,25491.25,30.0
2025-11-30 23:11:50,25490.5,25491.5,25489.75,25491.5,42.0
2025-11-30 23:11:55,25491.75,25491.75,25489.5,25489.5,20.0
2025-11-30 23:12:00,25489.75,25489.75,25486.75,25486.75,43.0
2025-11-30 23:12:05,25487.5,25489.75,25481.25,25488.75,345.0
2025-11-30 23:12:10,25489.0,25489.75,25487.25,25487.25,32.0
2025-11-30 23:12:15,25489.0,25492.5,25489.0,25491.25,82.0
2025-11-30 23:12:20,25491.25,25491.25,25487.5,25488.0,67.0
2025-11-30 23:12:25,25487.25,25495.25,25487.25,25494.25,162.0
2025-11-30 23:12:30,25495.0,25500.0,25494.75,25499.25,217.0
2025-11-30 23:12:35,25499.25,25500.5,25496.75,25496.75,104.0
2025-11-30 23:12:40,25497.0,25497.25,25495.75,25496.75,18.0
2025-11-30 23:12:45,25496.0,25496.0,25492.25,25493.5,50.0
2025-11-30 23:12:50,25492.75,25494.5,25492.5,25493.25,18.0
2025-11-30 23:12:55,25493.5,25495.25,25492.75,25494.25,40.0
2025-11-30 23:13:00,25494.5,25494.75,25493.0,25493.75,24.0
2025-11-30 23:13:05,25493.0,25493.0,25490.0,25491.25,41.0
2025-11-30 23:13:10,25491.0,25494.0,25490.0,25493.25,26.0
2025-11-30 23:13:15,25493.5,25496.5,25493.5,25496.5,22.0
2025-11-30 23:13:20,25496.25,25496.75,25495.75,25495.75,16.0
2025-11-30 23:13:25,25496.0,25496.25,25494.5,25496.25,32.0
2025-11-30 23:13:30,25495.75,25496.25,25495.5,25495.75,10.0
2025-11-30 23:13:35,25496.0,25496.0,25495.25,25495.75,5.0
2025-11-30 23:13:40,25495.0,25495.5,25495.0,25495.5,7.0
2025-11-30 23:13:45,25495.0,25497.0,25495.0,25497.0,18.0
2025-11-30 23:13:50,25497.0,25497.5,25496.75,25496.75,23.0
2025-11-30 23:13:55,25497.25,25497.25,25495.0,25496.5,26.0
2025-11-30 23:14:00,25497.0,25497.0,25496.25,25496.25,3.0
2025-11-30 23:14:05,25496.25,25497.0,25495.75,25496.75,23.0
2025-11-30 23:14:10,25496.5,25497.5,25495.5,25495.5,15.0
2025-11-30 23:14:15,25496.75,25498.25,25496.75,25497.0,20.0
2025-11-30 23:14:20,25496.75,25498.25,25496.75,25498.25,15.0
2025-11-30 23:14:25,25498.25,25498.5,25496.75,25496.75,23.0
2025-11-30 23:14:30,25497.75,25498.0,25496.25,25496.25,17.0
2025-11-30 23:14:35,25498.0,25498.25,25496.75,25498.25,13.0
2025-11-30 23:14:40,25497.75,25498.5,25495.0,25498.5,43.0
2025-11-30 23:14:45,25497.5,25498.5,25497.5,25497.5,7.0
2025-11-30 23:14:50,25497.5,25498.0,25497.25,25497.25,5.0
2025-11-30 23:14:55,25498.0,25502.0,25497.5,25501.25,101.0
2025-11-30 23:15:00,25502.0,25506.25,25500.75,25501.25,222.0
2025-11-30 23:15:05,25500.0,25502.75,25499.25,25501.5,56.0
2025-11-30 23:15:10,25501.5,25503.5,25501.5,25503.0,55.0
2025-11-30 23:15:15,25503.75,25504.25,25500.75,25504.0,89.0
2025-11-30 23:15:20,25504.0,25505.25,25501.25,25502.5,63.0
2025-11-30 23:15:25,25502.0,25505.75,25500.5,25505.75,98.0
2025-11-30 23:15:30,25506.0,25507.5,25500.25,25501.5,210.0
2025-11-30 23:15:35,25501.75,25506.25,25500.5,25500.5,136.0
2025-11-30 23:15:40,25501.0,25502.0,25500.25,25502.0,17.0
2025-11-30 23:15:45,25500.75,25500.75,25496.75,25496.75,102.0
2025-11-30 23:15:50,25497.75,25499.5,25497.0,25498.75,24.0
2025-11-30 23:15:55,25497.5,25498.0,25495.5,25497.0,28.0
2025-11-30 23:16:00,25496.5,25496.5,25491.0,25491.0,116.0
2025-11-30 23:16:05,25492.75,25495.75,25492.25,25494.5,78.0
2025-11-30 23:16:10,25493.75,25495.0,25493.25,25494.0,24.0
2025-11-30 23:16:15,25494.0,25495.5,25493.5,25494.5,13.0
2025-11-30 23:16:20,25495.0,25497.75,25495.0,25497.75,49.0
2025-11-30 23:16:25,25497.75,25499.25,25497.75,25499.25,17.0
2025-11-30 23:16:30,25499.25,25500.0,25498.5,25500.0,30.0
2025-11-30 23:16:35,25499.25,25500.5,25498.5,25500.5,14.0
2025-11-30 23:16:40,25500.5,25500.5,25499.25,25499.5,16.0
2025-11-30 23:16:45,25498.75,25501.0,25498.75,25501.0,25.0
2025-11-30 23:16:50,25501.0,25503.5,25501.0,25501.75,85.0
2025-11-30 23:16:55,25501.0,25501.5,25500.0,25501.25,11.0
2025-11-30 23:17:00,25501.75,25501.75,25500.25,25500.5,17.0
2025-11-30 23:17:05,25500.5,25501.25,25499.0,25499.75,19.0
2025-11-30 23:17:10,25500.75,25500.75,25497.0,25498.0,27.0
2025-11-30 23:17:15,25496.75,25500.0,25496.75,25500.0,29.0
2025-11-30 23:17:20,25500.25,25501.75,25499.5,25501.0,44.0
2025-11-30 23:17:25,25500.5,25501.25,25500.25,25500.25,12.0
2025-11-30 23:17:30,25500.5,25501.25,25500.5,25500.75,12.0
2025-11-30 23:17:35,25500.5,25501.0,25500.5,25500.5,5.0
2025-11-30 23:17:40,25501.25,25502.0,25501.25,25501.25,22.0
2025-11-30 23:17:45,25501.25,25501.25,25499.5,25500.5,30.0
2025-11-30 23:17:50,25500.5,25502.0,25500.5,25501.5,16.0
2025-11-30 23:17:55,25502.0,25503.0,25501.75,25502.25,9.0
2025-11-30 23:18:00,25502.0,25502.0,25501.25,25502.0,11.0
2025-11-30 23:18:05,25502.0,25503.5,25502.0,25503.5,36.0
2025-11-30 23:18:10,25504.0,25510.0,25503.0,25507.75,208.0
2025-11-30 23:18:15,25508.0,25509.25,25505.5,25507.0,115.0
2025-11-30 23:18:20,25507.0,25507.75,25504.0,25505.0,59.0
2025-11-30 23:18:25,25506.0,25507.0,25505.75,25505.75,27.0
2025-11-30 23:18:30,25506.25,25508.0,25506.0,25507.25,40.0
2025-11-30 23:18:35,25507.75,25508.0,25507.0,25507.75,12.0
2025-11-30 23:18:40,25507.75,25507.75,25506.5,25507.0,39.0
2025-11-30 23:18:45,25506.25,25508.5,25506.25,25507.25,37.0
2025-11-30 23:18:50,25507.25,25508.5,25505.25,25507.0,87.0
2025-11-30 23:18:55,25507.0,25507.5,25506.25,25506.75,31.0
2025-11-30 23:19:00,25507.5,25509.5,25507.0,25507.5,105.0
2025-11-30 23:19:05,25507.75,25510.25,25507.0,25510.0,69.0
2025-11-30 23:19:10,25509.5,25512.25,25509.5,25509.75,116.0
2025-11-30 23:19:15,25510.5,25513.25,25509.75,25511.5,87.0
2025-11-30 23:19:20,25511.5,25512.5,25509.75,25510.5,54.0
2025-11-30 23:19:25,25511.0,25512.25,25510.25,25511.25,56.0
2025-11-30 23:19:30,25511.75,25512.5,25511.25,25512.5,30.0
2025-11-30 23:19:35,25512.5,25512.5,25510.75,25510.75,59.0
2025-11-30 23:19:40,25510.75,25511.25,25510.0,25511.0,36.0
2025-11-30 23:19:45,25511.0,25514.25,25509.0,25514.25,93.0
2025-11-30 23:19:50,25513.75,25515.25,25511.5,25512.5,95.0
2025-11-30 23:19:55,25512.0,25513.0,25512.0,25512.0,20.0
2025-11-30 23:20:00,25512.75,25515.25,25511.75,25515.0,74.0
2025-11-30 23:20:05,25515.25,25515.25,25511.25,25512.0,120.0
2025-11-30 23:20:10,25512.0,25512.0,25510.5,25511.25,31.0
2025-11-30 23:20:15,25510.5,25513.75,25510.25,25513.75,37.0
2025-11-30 23:20:20,25513.0,25514.75,25512.25,25512.75,87.0
2025-11-30 23:20:25,25513.0,25514.25,25512.5,25512.75,44.0
2025-11-30 23:20:30,25513.25,25515.5,25513.25,25515.5,47.0
2025-11-30 23:20:35,25515.5,25515.75,25514.75,25515.75,38.0
2025-11-30 23:20:40,25515.5,25516.25,25514.75,25516.25,32.0
2025-11-30 23:20:45,25516.0,25516.5,25514.75,25516.0,71.0
2025-11-30 23:20:50,25515.25,25517.0,25514.5,25516.0,61.0
2025-11-30 23:20:55,25516.5,25516.5,25513.25,25513.5,55.0
2025-11-30 23:21:00,25513.25,25516.5,25513.0,25515.75,47.0
2025-11-30 23:21:05,25516.25,25516.25,25514.75,25515.5,32.0
2025-11-30 23:21:10,25515.75,25516.25,25514.75,25515.25,35.0
2025-11-30 23:21:15,25515.0,25515.75,25514.75,25515.5,25.0
2025-11-30 23:21:20,25516.5,25516.5,25515.0,25515.25,26.0
2025-11-30 23:21:25,25515.0,25516.75,25515.0,25515.5,32.0
2025-11-30 23:21:30,25516.0,25516.25,25514.75,25515.75,33.0
2025-11-30 23:21:35,25514.25,25515.0,25514.0,25515.0,16.0
2025-11-30 23:21:40,25514.5,25515.0,25513.25,25514.25,13.0
2025-11-30 23:21:45,25514.5,25515.25,25514.5,25514.5,13.0
2025-11-30 23:21:50,25514.75,25514.75,25513.5,25514.0,22.0
2025-11-30 23:21:55,25514.0,25515.0,25513.5,25515.0,27.0
2025-11-30 23:22:00,25515.25,25516.0,25513.75,25513.75,21.0
2025-11-30 23:22:05,25513.75,25514.5,25513.5,25514.0,19.0
2025-11-30 23:22:10,25513.5,25514.25,25513.25,25514.0,23.0
2025-11-30 23:22:15,25513.25,25514.75,25513.25,25514.25,27.0
2025-11-30 23:22:20,25513.25,25514.25,25513.0,25514.0,47.0
2025-11-30 23:22:25,25514.0,25514.25,25513.0,25513.0,18.0
2025-11-30 23:22:30,25513.75,25514.25,25513.0,25513.75,40.0
2025-11-30 23:22:35,25513.25,25513.25,25511.25,25511.25,64.0
2025-11-30 23:22:40,25511.25,25511.75,25510.0,25510.5,63.0
2025-11-30 23:22:45,25510.75,25513.75,25510.75,25513.75,41.0
2025-11-30 23:22:50,25513.25,25517.25,25511.25,25511.75,186.0
2025-11-30 23:22:55,25511.75,25512.75,25510.75,25512.5,52.0
2025-11-30 23:23:00,25512.75,25512.75,25511.5,25511.5,20.0
2025-11-30 23:23:05,25511.75,25511.75,25510.25,25510.75,25.0
2025-11-30 23:23:10,25510.25,25511.5,25509.25,25510.25,69.0
2025-11-30 23:23:15,25510.0,25511.5,25509.5,25509.5,49.0
2025-11-30 23:23:20,25509.0,25509.75,25507.75,25508.0,76.0
2025-11-30 23:23:25,25507.75,25510.25,25507.75,25510.0,45.0
2025-11-30 23:23:30,25510.25,25511.0,25510.0,25510.25,15.0
2025-11-30 23:23:35,25509.25,25509.25,25506.25,25507.5,73.0
2025-11-30 23:23:40,25508.25,25508.25,25506.75,25507.0,44.0
2025-11-30 23:23:45,25507.0,25509.25,25507.0,25509.25,56.0
2025-11-30 23:23:50,25508.5,25509.5,25506.75,25507.75,52.0
2025-11-30 23:23:55,25508.0,25509.25,25507.75,25509.0,16.0
2025-11-30 23:24:00,25509.25,25511.5,25509.25,25511.25,31.0
2025-11-30 23:24:05,25510.5,25511.25,25509.25,25510.75,42.0
2025-11-30 23:24:10,25510.75,25510.75,25508.25,25508.25,18.0
2025-11-30 23:24:15,25508.25,25508.25,25507.25,25507.75,48.0
2025-11-30 23:24:20,25508.0,25509.75,25507.5,25509.5,23.0
2025-11-30 23:24:25,25509.5,25510.5,25509.5,25510.5,8.0
2025-11-30 23:24:30,25510.5,25511.25,25508.75,25510.25,33.0
2025-11-30 23:24:35,25509.5,25510.5,25508.5,25510.25,10.0
2025-11-30 23:24:40,25511.0,25511.5,25510.25,25510.75,29.0
2025-11-30 23:24:45,25511.25,25513.0,25511.0,25511.25,51.0
2025-11-30 23:24:50,25512.0,25513.5,25511.75,25512.25,52.0
2025-11-30 23:24:55,25512.5,25516.0,25511.5,25515.75,69.0
2025-11-30 23:25:00,25515.5,25518.0,25515.0,25517.75,112.0
2025-11-30 23:25:05,25517.75,25522.75,25517.0,25520.25,221.0
2025-11-30 23:25:10,25521.0,25524.0,25520.25,25522.75,158.0
2025-11-30 23:25:15,25522.0,25522.5,25518.75,25520.5,137.0
2025-11-30 23:25:20,25520.5,25522.25,25519.75,25522.0,48.0
2025-11-30 23:25:25,25522.0,25523.0,25519.75,25520.75,49.0
2025-11-30 23:25:30,25520.0,25521.5,25519.5,25519.5,41.0
2025-11-30 23:25:35,25520.0,25520.5,25519.5,25520.5,37.0
2025-11-30 23:25:40,25520.25,25520.25,25515.0,25518.25,160.0
2025-11-30 23:25:45,25518.75,25518.75,25512.5,25514.25,122.0
2025-11-30 23:25:50,25513.5,25515.25,25513.5,25514.25,42.0
2025-11-30 23:25:55,25514.25,25517.5,25514.25,25516.0,43.0
2025-11-30 23:26:00,25516.5,25517.0,25515.5,25515.5,17.0
2025-11-30 23:26:05,25516.0,25516.0,25514.25,25515.5,16.0
2025-11-30 23:26:10,25516.5,25518.25,25516.25,25518.25,37.0
2025-11-30 23:26:15,25518.25,25520.0,25518.0,25519.75,56.0
2025-11-30 23:26:20,25519.25,25519.5,25517.5,25517.75,30.0
2025-11-30 23:26:25,25517.25,25517.75,25517.25,25517.5,9.0
2025-11-30 23:26:30,25517.5,25517.5,25513.25,25513.25,44.0
2025-11-30 23:26:35,25513.0,25514.25,25507.25,25507.5,146.0
2025-11-30 23:26:40,25507.0,25509.75,25507.0,25509.0,68.0
2025-11-30 23:26:45,25509.0,25509.25,25508.0,25508.0,17.0
2025-11-30 23:26:50,25508.0,25509.0,25507.5,25508.0,25.0
2025-11-30 23:26:55,25508.75,25509.0,25505.5,25505.75,83.0
2025-11-30 23:27:00,25505.75,25507.5,25505.5,25505.5,34.0
2025-11-30 23:27:05,25505.5,25506.0,25504.75,25505.75,29.0
2025-11-30 23:27:10,25505.25,25505.75,25504.75,25505.0,27.0
2025-11-30 23:27:15,25505.0,25510.25,25505.0,25509.5,51.0
2025-11-30 23:27:20,25510.5,25510.5,25507.5,25507.5,28.0
2025-11-30 23:27:25,25507.75,25509.0,25506.25,25508.75,51.0
2025-11-30 23:27:30,25509.25,25509.5,25508.5,25508.75,6.0
2025-11-30 23:27:35,25509.25,25509.75,25507.25,25507.25,47.0
2025-11-30 23:27:40,25508.0,25508.0,25505.25,25505.25,34.0
2025-11-30 23:27:45,25505.0,25506.0,25504.0,25505.0,61.0
2025-11-30 23:27:50,25505.75,25507.75,25505.5,25507.75,36.0
2025-11-30 23:27:55,25507.0,25507.0,25504.25,25504.5,47.0
2025-11-30 23:28:00,25505.0,25506.5,25504.5,25505.75,40.0
2025-11-30 23:28:05,25505.75,25506.5,25504.5,25504.5,29.0
2025-11-30 23:28:10,25504.5,25505.0,25503.5,25503.75,91.0
2025-11-30 23:28:15,25503.75,25504.25,25502.25,25502.5,68.0
2025-11-30 23:28:20,25503.25,25503.5,25502.25,25503.25,68.0
2025-11-30 23:28:25,25503.25,25506.5,25503.25,25505.5,52.0
2025-11-30 23:28:30,25505.0,25507.0,25505.0,25505.0,20.0
2025-11-30 23:28:35,25505.0,25505.0,25503.0,25503.25,25.0
2025-11-30 23:28:40,25503.75,25504.25,25500.0,25500.0,73.0
2025-11-30 23:28:45,25500.25,25501.5,25496.75,25499.25,278.0
2025-11-30 23:28:50,25499.75,25500.0,25498.25,25499.5,60.0
2025-11-30 23:28:55,25499.25,25501.0,25498.75,25500.25,55.0
2025-11-30 23:29:00,25500.25,25501.0,25499.75,25500.5,21.0
2025-11-30 23:29:05,25500.25,25501.0,25499.5,25499.75,39.0
2025-11-30 23:29:10,25499.5,25503.25,25498.25,25499.0,189.0
2025-11-30 23:29:15,25498.5,25499.0,25496.5,25496.5,47.0
2025-11-30 23:29:20,25497.0,25497.75,25496.5,25497.5,23.0
2025-11-30 23:29:25,25497.0,25498.25,25497.0,25497.25,25.0
2025-11-30 23:29:30,25496.75,25497.25,25496.25,25496.5,22.0
2025-11-30 23:29:35,25496.75,25497.25,25495.5,25495.5,39.0
2025-11-30 23:29:40,25496.25,25499.5,25496.25,25497.75,92.0
2025-11-30 23:29:45,25497.0,25498.0,25496.5,25496.75,31.0
2025-11-30 23:29:50,25497.5,25497.5,25495.5,25495.5,20.0
2025-11-30 23:29:55,25495.5,25498.75,25495.0,25498.25,48.0
2025-11-30 23:30:00,25497.5,25500.25,25494.5,25494.5,126.0
2025-11-30 23:30:05,25494.5,25495.0,25493.0,25493.0,65.0
2025-11-30 23:30:10,25493.75,25494.75,25491.75,25493.0,187.0
2025-11-30 23:30:15,25492.5,25493.75,25487.5,25490.25,308.0
2025-11-30 23:30:20,25490.75,25491.75,25489.5,25489.5,46.0
2025-11-30 23:30:25,25489.75,25491.25,25489.75,25490.25,71.0
2025-11-30 23:30:30,25490.0,25490.75,25488.25,25488.75,78.0
2025-11-30 23:30:35,25488.75,25489.75,25482.75,25483.25,176.0
2025-11-30 23:30:40,25482.75,25484.5,25477.0,25482.5,380.0
2025-11-30 23:30:45,25481.75,25482.75,25480.75,25481.75,66.0
2025-11-30 23:30:50,25482.5,25483.5,25481.0,25481.0,109.0
2025-11-30 23:30:55,25481.5,25483.25,25480.25,25481.75,92.0
2025-11-30 23:31:00,25481.25,25481.25,25477.25,25477.75,80.0
2025-11-30 23:31:05,25477.25,25477.75,25474.0,25474.5,165.0
2025-11-30 23:31:10,25475.0,25475.0,25471.0,25472.75,264.0
2025-11-30 23:31:15,25471.75,25472.75,25469.75,25472.25,185.0
2025-11-30 23:31:20,25472.0,25473.5,25470.25,25470.5,89.0
2025-11-30 23:31:25,25470.25,25472.25,25467.5,25471.75,229.0
2025-11-30 23:31:30,25471.5,25479.0,25471.5,25474.25,205.0
2025-11-30 23:31:35,25475.0,25476.25,25472.75,25472.75,89.0
2025-11-30 23:31:40,25473.0,25473.75,25472.0,25472.75,56.0
2025-11-30 23:31:45,25473.25,25476.0,25472.5,25474.75,60.0
2025-11-30 23:31:50,25475.75,25478.75,25475.75,25475.75,91.0
2025-11-30 23:31:55,25475.5,25476.75,25475.5,25476.75,23.0
2025-11-30 23:32:00,25476.75,25480.75,25476.75,25479.5,92.0
2025-11-30 23:32:05,25479.5,25481.5,25478.5,25478.5,110.0
2025-11-30 23:32:10,25479.5,25480.5,25477.0,25477.0,58.0
2025-11-30 23:32:15,25477.25,25477.25,25473.5,25474.25,104.0
2025-11-30 23:32:20,25473.25,25475.0,25471.75,25472.75,92.0
2025-11-30 23:32:25,25473.5,25473.75,25471.5,25473.75,67.0
2025-11-30 23:32:30,25473.0,25473.5,25473.0,25473.25,16.0
2025-11-30 23:32:35,25473.25,25476.5,25472.5,25476.25,55.0
2025-11-30 23:32:40,25475.5,25476.75,25474.25,25476.25,36.0
2025-11-30 23:32:45,25475.25,25475.25,25474.0,25474.5,22.0
2025-11-30 23:32:50,25474.0,25474.5,25471.5,25473.25,32.0
2025-11-30 23:32:55,25472.75,25475.0,25472.75,25474.0,63.0
2025-11-30 23:33:00,25473.0,25477.75,25472.25,25477.75,52.0
2025-11-30 23:33:05,25478.5,25481.0,25478.5,25479.0,91.0
2025-11-30 23:33:10,25479.5,25481.75,25479.0,25479.25,71.0
2025-11-30 23:33:15,25479.5,25479.5,25477.5,25478.5,38.0
2025-11-30 23:33:20,25479.5,25480.75,25478.25,25480.5,39.0
2025-11-30 23:33:25,25480.0,25481.0,25478.0,25478.0,31.0
2025-11-30 23:33:30,25478.0,25479.0,25477.75,25479.0,14.0
2025-11-30 23:33:35,25478.0,25478.5,25477.0,25478.25,28.0
2025-11-30 23:33:40,25478.75,25482.25,25478.75,25478.75,54.0
2025-11-30 23:33:45,25479.25,25481.75,25478.75,25481.0,79.0
2025-11-30 23:33:50,25481.25,25481.25,25478.5,25478.5,17.0
2025-11-30 23:33:55,25478.0,25478.75,25475.0,25475.75,80.0
2025-11-30 23:34:00,25475.0,25475.75,25471.75,25471.75,63.0
2025-11-30 23:34:05,25472.0,25472.0,25468.25,25468.5,109.0
2025-11-30 23:34:10,25468.5,25469.75,25463.0,25466.0,299.0
2025-11-30 23:34:15,25466.5,25468.75,25466.25,25466.5,84.0
2025-11-30 23:34:20,25467.25,25467.5,25464.25,25464.75,84.0
2025-11-30 23:34:25,25464.25,25468.25,25464.0,25467.5,78.0
2025-11-30 23:34:30,25467.0,25469.0,25466.75,25466.75,60.0
2025-11-30 23:34:35,25466.25,25468.0,25466.0,25466.25,56.0
2025-11-30 23:34:40,25467.0,25467.75,25463.5,25464.25,107.0
2025-11-30 23:34:45,25464.25,25465.0,25463.0,25463.25,50.0
2025-11-30 23:34:50,25463.0,25464.0,25461.0,25462.75,143.0
2025-11-30 23:34:55,25463.25,25463.5,25461.75,25462.0,52.0
2025-11-30 23:35:00,25462.5,25463.25,25458.0,25461.0,379.0
2025-11-30 23:35:05,25461.75,25465.0,25460.75,25463.25,275.0
2025-11-30 23:35:10,25463.0,25466.25,25462.0,25464.5,78.0
2025-11-30 23:35:15,25465.0,25468.25,25463.75,25468.25,61.0
2025-11-30 23:35:20,25468.5,25469.25,25466.5,25467.5,85.0
2025-11-30 23:35:25,25467.5,25469.0,25466.75,25468.0,45.0
2025-11-30 23:35:30,25468.5,25470.75,25468.25,25469.0,45.0
2025-11-30 23:35:35,25469.0,25470.0,25465.75,25466.0,91.0
2025-11-30 23:35:40,25466.0,25468.25,25466.0,25468.25,87.0
2025-11-30 23:35:45,25468.0,25468.0,25466.25,25467.25,50.0
2025-11-30 23:35:50,25466.75,25468.5,25465.25,25468.5,39.0
2025-11-30 23:35:55,25467.75,25468.25,25466.0,25468.0,18.0
2025-11-30 23:36:00,25468.0,25470.25,25465.75,25467.0,80.0
2025-11-30 23:36:05,25466.25,25476.75,25466.25,25476.0,267.0
2025-11-30 23:36:10,25476.75,25479.0,25474.0,25477.0,159.0
2025-11-30 23:36:15,25476.25,25476.25,25474.5,25475.25,44.0
2025-11-30 23:36:20,25474.5,25475.5,25472.5,25473.0,26.0
2025-11-30 23:36:25,25473.5,25473.5,25469.25,25469.25,70.0
2025-11-30 23:36:30,25469.0,25470.75,25468.5,25470.0,33.0
2025-11-30 23:36:35,25469.0,25470.5,25468.5,25470.0,100.0
2025-11-30 23:36:40,25469.5,25469.75,25467.75,25468.5,17.0
2025-11-30 23:36:45,25468.5,25468.5,25466.25,25467.5,44.0
2025-11-30 23:36:50,25467.5,25470.5,25467.5,25470.5,41.0
2025-11-30 23:36:55,25470.75,25476.5,25469.0,25473.5,126.0
2025-11-30 23:37:00,25473.75,25473.75,25469.5,25470.75,32.0
2025-11-30 23:37:05,25469.5,25470.5,25466.5,25469.0,35.0
2025-11-30 23:37:10,25468.75,25472.0,25468.0,25470.5,72.0
2025-11-30 23:37:15,25471.0,25471.0,25467.5,25468.5,40.0
2025-11-30 23:37:20,25469.0,25470.0,25468.0,25470.0,28.0
2025-11-30 23:37:25,25470.0,25471.5,25470.0,25471.25,24.0
2025-11-30 23:37:30,25470.75,25471.25,25470.25,25470.25,16.0
2025-11-30 23:37:35,25470.75,25471.25,25469.5,25470.0,32.0
2025-11-30 23:37:40,25469.25,25470.25,25469.0,25469.0,26.0
2025-11-30 23:37:45,25469.75,25472.75,25469.75,25471.75,97.0
2025-11-30 23:37:50,25472.0,25472.5,25471.25,25472.0,14.0
2025-11-30 23:37:55,25471.75,25472.25,25471.0,25472.25,15.0
2025-11-30 23:38:00,25472.5,25473.75,25469.5,25469.75,53.0
2025-11-30 23:38:05,25469.5,25470.75,25469.25,25469.5,41.0
2025-11-30 23:38:10,25469.5,25469.5,25467.75,25468.75,21.0
2025-11-30 23:38:15,25469.25,25470.0,25467.5,25470.0,46.0
2025-11-30 23:38:20,25470.25,25471.5,25470.0,25470.25,37.0
2025-11-30 23:38:25,25470.25,25470.25,25468.5,25469.5,19.0
2025-11-30 23:38:30,25469.5,25471.25,25469.0,25471.0,18.0
2025-11-30 23:38:35,25470.25,25471.0,25470.0,25470.0,11.0
2025-11-30 23:38:40,25470.5,25471.25,25470.5,25471.25,5.0
2025-11-30 23:38:45,25471.0,25471.25,25471.0,25471.0,4.0
2025-11-30 23:38:50,25471.0,25471.0,25470.0,25470.0,16.0
2025-11-30 23:38:55,25470.25,25472.5,25470.25,25471.75,22.0
2025-11-30 23:39:00,25471.75,25473.5,25471.5,25472.5,34.0
2025-11-30 23:39:05,25472.5,25473.5,25470.0,25470.0,52.0
2025-11-30 23:39:10,25470.0,25471.5,25470.0,25470.75,18.0
2025-11-30 23:39:15,25471.0,25471.25,25469.0,25469.0,16.0
2025-11-30 23:39:20,25469.25,25469.75,25468.75,25468.75,19.0
2025-11-30 23:39:25,25469.0,25469.25,25467.75,25468.0,60.0
2025-11-30 23:39:30,25468.0,25469.0,25467.75,25469.0,18.0
2025-11-30 23:39:35,25468.25,25469.0,25468.0,25469.0,13.0
2025-11-30 23:39:40,25468.75,25470.25,25463.0,25463.0,209.0
2025-11-30 23:39:45,25463.0,25464.25,25461.0,25463.0,133.0
2025-11-30 23:39:50,25463.5,25464.0,25462.5,25462.75,30.0
2025-11-30 23:39:55,25463.0,25463.5,25461.5,25463.25,57.0
2025-11-30 23:40:00,25462.25,25464.5,25461.75,25463.5,116.0
2025-11-30 23:40:05,25462.75,25463.75,25462.5,25463.75,32.0
2025-11-30 23:40:10,25463.0,25464.0,25461.5,25461.75,50.0
2025-11-30 23:40:15,25461.5,25461.5,25453.0,25454.25,370.0
2025-11-30 23:40:20,25454.25,25457.5,25452.25,25453.75,178.0
2025-11-30 23:40:25,25453.0,25454.5,25451.75,25452.25,92.0
2025-11-30 23:40:30,25453.0,25455.5,25451.5,25453.25,139.0
2025-11-30 23:40:35,25452.5,25454.0,25451.0,25451.0,90.0
2025-11-30 23:40:40,25451.5,25454.0,25450.5,25451.0,75.0
2025-11-30 23:40:45,25451.25,25451.75,25447.5,25448.5,255.0
2025-11-30 23:40:50,25448.5,25455.0,25448.5,25454.0,175.0
2025-11-30 23:40:55,25453.25,25453.75,25451.75,25452.75,51.0
2025-11-30 23:41:00,25452.75,25453.5,25452.25,25452.5,37.0
2025-11-30 23:41:05,25453.25,25458.5,25452.5,25455.5,113.0
2025-11-30 23:41:10,25455.5,25459.5,25455.25,25458.5,99.0
2025-11-30 23:41:15,25458.25,25460.5,25457.0,25459.75,97.0
2025-11-30 23:41:20,25460.25,25460.5,25458.0,25459.25,42.0
2025-11-30 23:41:25,25460.0,25462.0,25459.5,25460.0,87.0
2025-11-30 23:41:30,25460.25,25461.0,25459.25,25460.25,64.0
2025-11-30 23:41:35,25460.25,25464.0,25460.0,25462.75,100.0
2025-11-30 23:41:40,25463.0,25463.5,25460.0,25460.25,50.0
2025-11-30 23:41:45,25459.5,25461.0,25459.5,25460.25,13.0
2025-11-30 23:41:50,25460.0,25462.5,25459.5,25461.5,58.0
2025-11-30 23:41:55,25461.75,25462.0,25460.75,25461.75,29.0
2025-11-30 23:42:00,25460.5,25462.5,25458.25,25459.25,89.0
2025-11-30 23:42:05,25459.0,25460.75,25458.0,25460.75,36.0
2025-11-30 23:42:10,25459.25,25460.25,25458.0,25459.0,44.0
2025-11-30 23:42:15,25459.0,25459.75,25458.0,25458.25,39.0
2025-11-30 23:42:20,25458.25,25459.25,25457.0,25457.0,55.0
2025-11-30 23:42:25,25456.5,25457.25,25455.5,25457.0,49.0
2025-11-30 23:42:30,25456.25,25456.75,25455.25,25456.25,21.0
2025-11-30 23:42:35,25457.0,25457.0,25455.5,25455.75,15.0
2025-11-30 23:42:40,25455.25,25459.5,25455.25,25457.25,99.0
2025-11-30 23:42:45,25458.75,25460.0,25458.75,25460.0,17.0
2025-11-30 23:42:50,25459.5,25459.5,25458.5,25458.75,30.0
2025-11-30 23:42:55,25459.0,25459.25,25457.75,25458.5,28.0
2025-11-30 23:43:00,25458.5,25459.0,25457.5,25458.5,31.0
2025-11-30 23:43:05,25457.5,25458.25,25455.0,25455.0,30.0
2025-11-30 23:43:10,25454.75,25454.75,25452.25,25453.0,68.0
2025-11-30 23:43:15,25453.0,25453.75,25450.0,25450.0,66.0
2025-11-30 23:43:20,25450.0,25453.75,25449.75,25453.0,80.0
2025-11-30 23:43:25,25453.75,25454.0,25450.25,25450.25,94.0
2025-11-30 23:43:30,25451.25,25453.25,25449.75,25453.25,97.0
2025-11-30 23:43:35,25453.25,25453.75,25451.75,25452.75,33.0
2025-11-30 23:43:40,25452.75,25453.5,25450.75,25451.75,18.0
2025-11-30 23:43:45,25451.75,25453.0,25451.0,25452.0,45.0
2025-11-30 23:43:50,25451.0,25451.75,25450.75,25451.75,13.0
2025-11-30 23:43:55,25451.5,25451.5,25449.5,25450.0,44.0
2025-11-30 23:44:00,25450.0,25452.0,25448.0,25449.5,153.0
2025-11-30 23:44:05,25449.5,25450.75,25447.75,25449.75,88.0
2025-11-30 23:44:10,25450.75,25451.0,25448.0,25448.75,24.0
2025-11-30 23:44:15,25447.75,25449.75,25447.5,25448.25,46.0
2025-11-30 23:44:20,25447.75,25449.25,25447.0,25448.75,66.0
2025-11-30 23:44:25,25448.25,25450.75,25448.25,25449.75,69.0
2025-11-30 23:44:30,25449.75,25451.75,25448.75,25448.75,70.0
2025-11-30 23:44:35,25449.5,25450.25,25449.0,25449.25,22.0
2025-11-30 23:44:40,25449.75,25450.25,25445.5,25446.25,96.0
2025-11-30 23:44:45,25447.0,25448.25,25445.75,25448.25,58.0
2025-11-30 23:44:50,25447.25,25448.25,25445.75,25445.75,29.0
2025-11-30 23:44:55,25446.5,25447.25,25443.75,25444.25,147.0
2025-11-30 23:45:00,25444.25,25446.5,25442.75,25446.25,238.0
2025-11-30 23:45:05,25446.0,25449.0,25445.25,25447.0,128.0
2025-11-30 23:45:10,25447.0,25448.75,25445.25,25445.25,50.0
2025-11-30 23:45:15,25446.0,25447.0,25444.75,25444.75,24.0
2025-11-30 23:45:20,25445.25,25447.25,25444.75,25446.5,19.0
2025-11-30 23:45:25,25446.0,25448.75,25445.75,25448.0,67.0
2025-11-30 23:45:30,25448.0,25452.0,25448.0,25451.5,120.0
2025-11-30 23:45:35,25451.5,25455.75,25451.25,25455.25,125.0
2025-11-30 23:45:40,25454.75,25457.0,25454.75,25456.25,61.0
2025-11-30 23:45:45,25456.25,25458.5,25456.25,25458.0,118.0
2025-11-30 23:45:50,25457.5,25459.25,25456.5,25458.75,103.0
2025-11-30 23:45:55,25458.75,25459.25,25456.75,25458.25,59.0
2025-11-30 23:46:00,25458.0,25458.0,25451.5,25453.25,152.0
2025-11-30 23:46:05,25452.5,25453.0,25450.5,25450.5,49.0
2025-11-30 23:46:10,25451.0,25451.0,25449.0,25449.75,63.0
2025-11-30 23:46:15,25450.75,25451.75,25449.25,25449.25,37.0
2025-11-30 23:46:20,25448.75,25450.0,25448.5,25449.25,37.0
2025-11-30 23:46:25,25448.5,25450.25,25448.5,25450.25,32.0
2025-11-30 23:46:30,25450.5,25451.25,25449.5,25449.5,36.0
2025-11-30 23:46:35,25449.5,25450.25,25447.0,25448.0,34.0
2025-11-30 23:46:40,25447.25,25450.25,25447.25,25448.75,60.0
2025-11-30 23:46:45,25448.5,25452.25,25448.5,25452.25,38.0
2025-11-30 23:46:50,25452.25,25455.75,25452.25,25455.25,130.0
2025-11-30 23:46:55,25455.25,25455.75,25454.25,25455.75,24.0
2025-11-30 23:47:00,25455.25,25457.25,25453.0,25456.75,90.0
2025-11-30 23:47:05,25457.25,25458.75,25453.25,25454.0,60.0
2025-11-30 23:47:10,25454.25,25454.75,25453.5,25454.0,25.0
2025-11-30 23:47:15,25454.0,25454.0,25451.0,25451.5,39.0
2025-11-30 23:47:20,25451.5,25452.5,25450.0,25451.25,74.0
2025-11-30 23:47:25,25451.0,25452.25,25450.0,25450.0,24.0
2025-11-30 23:47:30,25450.0,25450.0,25448.5,25449.25,25.0
2025-11-30 23:47:35,25448.75,25451.0,25448.75,25450.0,35.0
2025-11-30 23:47:40,25450.25,25450.25,25448.5,25449.5,24.0
2025-11-30 23:47:45,25449.0,25451.75,25449.0,25451.75,20.0
2025-11-30 23:47:50,25452.5,25456.75,25452.5,25456.75,56.0
2025-11-30 23:47:55,25455.75,25457.0,25455.25,25455.5,36.0
2025-11-30 23:48:00,25455.5,25456.25,25454.5,25454.75,32.0
2025-11-30 23:48:05,25455.0,25458.25,25453.5,25458.25,71.0
2025-11-30 23:48:10,25458.25,25459.25,25457.25,25457.25,56.0
2025-11-30 23:48:15,25457.5,25457.75,25456.5,25457.75,86.0
2025-11-30 23:48:20,25457.25,25458.5,25455.5,25457.5,62.0
2025-11-30 23:48:25,25457.75,25458.5,25455.75,25456.0,37.0
2025-11-30 23:48:30,25455.75,25456.75,25454.75,25456.25,32.0
2025-11-30 23:48:35,25456.0,25458.0,25456.0,25458.0,19.0
2025-11-30 23:48:40,25457.75,25458.5,25457.0,25457.0,10.0
2025-11-30 23:48:45,25457.25,25459.25,25456.75,25457.75,46.0
2025-11-30 23:48:50,25458.0,25458.0,25454.75,25456.25,41.0
2025-11-30 23:48:55,25457.0,25458.25,25456.75,25457.0,18.0
2025-11-30 23:49:00,25456.25,25456.75,25455.25,25456.0,14.0
2025-11-30 23:49:05,25456.0,25457.0,25455.0,25456.25,18.0
2025-11-30 23:49:10,25455.5,25456.25,25455.25,25455.75,11.0
2025-11-30 23:49:15,25456.0,25456.0,25455.0,25455.0,13.0
2025-11-30 23:49:20,25455.25,25455.5,25453.75,25454.0,42.0
2025-11-30 23:49:25,25454.5,25456.0,25454.25,25455.25,36.0
2025-11-30 23:49:30,25456.0,25458.25,25456.0,25458.25,19.0
2025-11-30 23:49:35,25458.0,25459.25,25457.0,25457.0,51.0
2025-11-30 23:49:40,25457.0,25458.0,25456.0,25458.0,28.0
2025-11-30 23:49:45,25458.0,25458.0,25456.25,25457.75,22.0
2025-11-30 23:49:50,25458.0,25458.0,25455.5,25456.25,40.0
2025-11-30 23:49:55,25457.25,25457.5,25457.25,25457.5,3.0
2025-11-30 23:50:00,25457.5,25458.0,25456.5,25458.0,27.0
2025-11-30 23:50:05,25458.0,25459.5,25458.0,25459.5,13.0
2025-11-30 23:50:10,25459.25,25461.25,25459.25,25461.0,114.0
2025-11-30 23:50:15,25461.0,25461.25,25459.25,25460.25,26.0
2025-11-30 23:50:20,25460.25,25461.75,25460.25,25460.75,26.0
2025-11-30 23:50:25,25460.75,25462.0,25460.0,25460.5,74.0
2025-11-30 23:50:30,25460.25,25462.25,25460.0,25462.25,32.0
2025-11-30 23:50:35,25462.0,25465.0,25461.0,25464.25,124.0
2025-11-30 23:50:40,25464.5,25467.0,25463.25,25465.5,148.0
2025-11-30 23:50:45,25465.25,25465.25,25462.5,25463.75,65.0
2025-11-30 23:50:50,25464.5,25465.5,25464.0,25464.75,32.0
2025-11-30 23:50:55,25464.75,25464.75,25463.5,25463.5,17.0
2025-11-30 23:51:00,25463.5,25465.0,25462.25,25465.0,54.0
2025-11-30 23:51:05,25464.5,25467.5,25463.75,25466.75,86.0
2025-11-30 23:51:10,25467.25,25468.75,25466.75,25467.25,87.0
2025-11-30 23:51:15,25466.5,25468.75,25463.0,25464.25,106.0
2025-11-30 23:51:20,25464.5,25467.0,25464.0,25467.0,25.0
2025-11-30 23:51:25,25466.25,25468.0,25466.25,25466.75,21.0
2025-11-30 23:51:30,25467.0,25470.0,25467.0,25469.25,81.0
2025-11-30 23:51:35,25468.25,25470.5,25467.75,25469.5,64.0
2025-11-30 23:51:40,25469.75,25471.75,25467.75,25467.75,87.0
2025-11-30 23:51:45,25467.75,25470.25,25467.25,25470.25,24.0
2025-11-30 23:51:50,25469.5,25469.5,25468.25,25469.0,20.0
2025-11-30 23:51:55,25469.0,25469.0,25466.5,25467.75,19.0
2025-11-30 23:52:00,25467.0,25468.5,25467.0,25467.75,17.0
2025-11-30 23:52:05,25468.5,25470.0,25468.0,25469.75,17.0
2025-11-30 23:52:10,25470.5,25471.0,25469.25,25469.75,36.0
2025-11-30 23:52:15,25470.5,25471.25,25468.75,25469.25,27.0
2025-11-30 23:52:20,25468.75,25469.5,25468.5,25468.75,20.0
2025-11-30 23:52:25,25469.25,25469.75,25467.0,25467.0,30.0
2025-11-30 23:52:30,25467.25,25468.75,25467.25,25467.75,19.0
2025-11-30 23:52:35,25468.0,25468.0,25466.25,25466.25,25.0
2025-11-30 23:52:40,25466.25,25467.75,25466.0,25466.0,30.0
2025-11-30 23:52:45,25466.25,25467.25,25466.0,25467.25,13.0
2025-11-30 23:52:50,25466.5,25467.75,25466.5,25467.5,10.0
2025-11-30 23:52:55,25468.0,25468.25,25467.25,25467.25,7.0
2025-11-30 23:53:00,25467.75,25468.25,25466.25,25466.75,18.0
2025-11-30 23:53:05,25467.25,25467.25,25464.0,25464.75,49.0
2025-11-30 23:53:10,25465.25,25466.0,25464.5,25465.75,25.0
2025-11-30 23:53:15,25464.5,25464.5,25463.25,25464.0,35.0
2025-11-30 23:53:20,25463.75,25464.0,25463.0,25463.0,18.0
2025-11-30 23:53:25,25462.5,25463.75,25461.25,25463.25,82.0
2025-11-30 23:53:30,25463.25,25464.75,25463.25,25464.5,19.0
2025-11-30 23:53:35,25464.75,25465.25,25463.25,25464.0,24.0
2025-11-30 23:53:40,25463.0,25463.5,25461.25,25461.75,43.0
2025-11-30 23:53:45,25461.5,25462.25,25460.5,25461.75,28.0
2025-11-30 23:53:50,25461.0,25461.75,25460.0,25460.0,42.0
2025-11-30 23:53:55,25459.75,25460.75,25459.0,25460.0,44.0
2025-11-30 23:54:00,25460.5,25460.5,25456.5,25458.75,135.0
2025-11-30 23:54:05,25458.5,25460.75,25457.25,25459.75,52.0
2025-11-30 23:54:10,25460.0,25461.25,25459.75,25460.75,36.0
2025-11-30 23:54:15,25460.5,25461.5,25460.5,25460.75,19.0
2025-11-30 23:54:20,25460.25,25461.25,25460.25,25460.25,13.0
2025-11-30 23:54:25,25460.25,25460.75,25459.5,25460.75,17.0
2025-11-30 23:54:30,25460.75,25466.75,25460.75,25466.75,101.0
2025-11-30 23:54:35,25466.0,25468.5,25466.0,25467.5,73.0
2025-11-30 23:54:40,25467.5,25468.25,25465.25,25467.5,39.0
2025-11-30 23:54:45,25468.0,25468.75,25466.25,25468.0,41.0
2025-11-30 23:54:50,25468.0,25468.75,25468.0,25468.75,20.0
2025-11-30 23:54:55,25467.75,25468.5,25467.25,25467.25,23.0
2025-11-30 23:55:00,25467.25,25470.75,25467.25,25470.75,44.0
2025-11-30 23:55:05,25470.75,25472.0,25470.25,25471.25,70.0
2025-11-30 23:55:10,25472.25,25476.25,25471.5,25476.0,175.0
2025-11-30 23:55:15,25475.25,25476.25,25473.0,25473.75,81.0
2025-11-30 23:55:20,25474.75,25476.25,25473.75,25474.25,72.0
2025-11-30 23:55:25,25475.0,25477.0,25474.0,25477.0,58.0
2025-11-30 23:55:30,25476.0,25477.25,25475.5,25477.0,60.0
2025-11-30 23:55:35,25475.75,25477.0,25474.0,25474.0,65.0
2025-11-30 23:55:40,25475.0,25475.75,25473.75,25475.5,38.0
2025-11-30 23:55:45,25475.25,25476.0,25474.25,25474.5,31.0
2025-11-30 23:55:50,25474.5,25476.0,25473.75,25475.0,32.0
2025-11-30 23:55:55,25475.25,25476.25,25473.75,25474.75,38.0
2025-11-30 23:56:00,25473.75,25477.5,25473.0,25477.5,58.0
2025-11-30 23:56:05,25476.75,25477.75,25472.0,25472.0,74.0
2025-11-30 23:56:10,25472.0,25473.25,25471.75,25471.75,59.0
2025-11-30 23:56:15,25472.25,25474.5,25472.25,25474.5,21.0
2025-11-30 23:56:20,25474.5,25475.0,25473.75,25473.75,30.0
2025-11-30 23:56:25,25473.5,25474.5,25472.0,25472.5,24.0
2025-11-30 23:56:30,25472.5,25472.5,25471.25,25472.5,26.0
2025-11-30 23:56:35,25471.5,25472.5,25470.75,25471.5,19.0
2025-11-30 23:56:40,25470.75,25470.75,25469.25,25469.5,64.0
2025-11-30 23:56:45,25469.5,25469.75,25465.25,25466.75,98.0
2025-11-30 23:56:50,25467.0,25469.75,25467.0,25468.25,45.0
2025-11-30 23:56:55,25467.75,25470.5,25467.0,25470.25,25.0
2025-11-30 23:57:00,25469.75,25470.25,25467.0,25467.75,36.0
2025-11-30 23:57:05,25467.0,25467.75,25465.75,25466.5,19.0
2025-11-30 23:57:10,25465.5,25467.75,25463.5,25467.75,84.0
2025-11-30 23:57:15,25467.5,25467.5,25465.25,25465.25,32.0
2025-11-30 23:57:20,25466.25,25466.5,25464.5,25465.0,24.0
2025-11-30 23:57:25,25465.5,25466.25,25464.5,25464.5,13.0
2025-11-30 23:57:30,25464.75,25465.0,25464.0,25464.5,15.0
2025-11-30 23:57:35,25463.75,25464.25,25462.5,25464.0,44.0
2025-11-30 23:57:40,25464.25,25468.0,25464.0,25466.75,45.0
2025-11-30 23:57:45,25467.5,25467.5,25465.5,25466.25,15.0
2025-11-30 23:57:50,25465.5,25466.5,25465.5,25466.5,5.0
2025-11-30 23:57:55,25466.5,25466.75,25465.75,25466.75,9.0
2025-11-30 23:58:00,25466.75,25466.75,25461.75,25461.75,16.0
2025-11-30 23:58:05,25462.5,25463.75,25461.25,25461.25,53.0
2025-11-30 23:58:10,25461.25,25464.0,25460.5,25462.75,41.0
2025-11-30 23:58:15,25463.25,25463.25,25461.5,25461.5,32.0
2025-11-30 23:58:20,25462.75,25462.75,25459.25,25460.25,42.0
2025-11-30 23:58:25,25460.75,25464.25,25460.75,25463.0,39.0
2025-11-30 23:58:30,25463.0,25463.0,25462.5,25463.0,6.0
2025-11-30 23:58:35,25462.5,25464.5,25462.0,25464.5,27.0
2025-11-30 23:58:40,25464.5,25466.0,25463.75,25464.25,37.0
2025-11-30 23:58:45,25465.25,25465.75,25464.5,25465.25,24.0
2025-11-30 23:58:50,25464.5,25465.75,25464.5,25465.0,12.0
2025-11-30 23:58:55,25464.5,25465.5,25464.25,25465.0,12.0
2025-11-30 23:59:00,25466.0,25466.0,25463.75,25464.75,14.0
2025-11-30 23:59:05,25464.0,25465.0,25463.75,25464.0,14.0
2025-11-30 23:59:10,25464.5,25465.0,25464.0,25464.0,12.0
2025-11-30 23:59:15,25463.0,25463.25,25462.5,25462.75,15.0
2025-11-30 23:59:20,25463.0,25464.0,25462.5,25463.25,17.0
2025-11-30 23:59:25,25463.5,25463.5,25462.75,25463.25,6.0
2025-11-30 23:59:30,25463.25,25466.25,25463.25,25465.5,20.0
2025-11-30 23:59:35,25466.0,25466.25,25465.25,25466.0,10.0
2025-11-30 23:59:40,25466.5,25470.25,25466.0,25468.5,116.0
2025-11-30 23:59:45,25468.25,25469.5,25468.0,25468.25,47.0
2025-11-30 23:59:50,25467.0,25468.5,25467.0,25468.0,27.0
2025-11-30 23:59:55,25468.5,25468.5,25466.5,25466.5,15.0
